file,label,geometry_type,method,status,error,pc_to_mesh_mean,pc_to_mesh_rmse,pc_to_mesh_p95,mesh_to_pc_mean,chamfer_mean,mesh_components,largest_mesh_component_ratio,mean_adjacent_face_angle,smoothness_score,n_vertices,n_triangles,bad_triangle_ratio,mean_aspect_ratio,artifact_score,rmse_normalized,accuracy_score,connectivity_score,global_quality_score
valve_0002_lidar_classes.ply,0,plane,alpha_shape,ok,,0.0075250500751480156,0.009859617596452463,0.01838157745997185,0.005959775752077966,0.013484825827225981,110,0.49334377447141736,1.1972063435100937,0.4551233901875935,802,1277,0.007830853563038372,2.0428842664303657,0.9921691464369616,0.023119170223160068,0.9774032479343365,0.00909090909090909,0.6084466734124502
valve_0002_lidar_classes.ply,0,plane,ball_pivoting,ok,,0.005943016470680296,0.006888759519321071,0.01240179657109743,0.005967783668190526,0.011910800138870822,2,0.999400479616307,0.1342173977960795,0.8816651921784308,953,1668,0.005995203836930456,1.8575321114305297,0.9940047961630696,0.01615300009311736,0.9841037716843456,0.5,0.8399434400064615
valve_0002_lidar_classes.ply,0,plane,poisson,ok,,0.00823982016453321,0.011940249680133859,0.029268851932101665,0.010815017416830169,0.01905483758136338,5,0.8097475044039929,0.1792717971305085,0.8479809340249416,1776,3406,0.04638872577803876,4.296175167019459,0.9536112742219612,0.02799790784597679,0.9727646256550828,0.2,0.7435892084754964
valve_0002_lidar_classes.ply,1,spherical,alpha_shape,ok,,0.007350767293442916,0.0083608674542488,0.01377844126613476,0.013092578624531238,0.020443345917974153,2,0.9958333333333333,0.8536869531511907,0.5394654142114135,233,480,0.00625,2.1590691708955303,0.99375,0.024222992023122555,0.9763498845351289,0.5,0.7523913246866356
valve_0002_lidar_classes.ply,1,spherical,ball_pivoting,ok,,0.006522585700600236,0.007737253027117786,0.01354483246635893,0.011634239724014726,0.018156825424614963,1,1.0,0.44168120170575936,0.6936346251978774,254,440,0.004545454545454545,1.9209240701857033,0.9954545454545455,0.022416264745533404,0.9780752072140474,1.0,0.9167910944666177
valve_0002_lidar_classes.ply,1,spherical,poisson,ok,,0.0072978472365517345,0.008635800871753472,0.014937541403225292,0.01233204929580945,0.019629896532361184,14,0.9798761609907121,0.2528864698573436,0.7981569152980494,2669,5168,0.04856811145510836,13.014145022888513,0.9514318885448917,0.02501952539906086,0.9755911718956571,0.07142857142857142,0.6991521367917924
valve_0002_lidar_classes.ply,2,spherical,alpha_shape,ok,,0.006361437004387108,0.009471419165394231,0.022462516736391876,0.008740755933096315,0.015102192937483423,28,0.0970873786407767,1.4363998809222642,0.41044165525958914,140,206,0.0048543689320388345,2.1346709878288093,0.9951456310679612,0.0377075668227984,0.9636626270942116,0.03571428571428571,0.6012410497840119
valve_0002_lidar_classes.ply,2,spherical,ball_pivoting,ok,,0.003953160143876093,0.004512998198474813,0.007540018262037151,0.00848835977606403,0.012441519919940122,1,1.0,0.205601717615497,0.8294613265630154,164,292,0.0136986301369863,2.231067488018574,0.9863013698630136,0.01796712595741977,0.9823499939248812,1.0,0.9495281725877276
valve_0002_lidar_classes.ply,2,spherical,poisson,ok,,0.004197396595252956,0.004785535200013871,0.007980807190652852,0.009207712928791953,0.01340510952404491,4,0.9968206157965194,0.12828139563551155,0.8863037216320878,3111,5976,0.04836010709504685,6.054482011286606,0.9516398929049531,0.01905214891097748,0.9813040491290483,0.25,0.7673119159165224
valve_0002_lidar_classes.ply,3,tubular,alpha_shape,ok,,0.008599265382261695,0.012146335338425024,0.027950534371814707,0.008104504943708509,0.016703770325970202,62,0.2494802494802495,1.5970487727228464,0.38505245280840883,318,481,0.006237006237006237,2.002018918264336,0.9937629937629937,0.030755476174104363,0.9701621995856274,0.016129032258064516,0.5912766696037737
valve_0002_lidar_classes.ply,3,tubular,ball_pivoting,ok,,0.005849309133393763,0.006589595924620253,0.011009078066366732,0.008244759724977879,0.014094068858371642,1,1.0,0.16833557023069332,0.8559184753765097,369,707,0.002828854314002829,1.8302983963250863,0.9971711456859972,0.01668537503781058,0.9835884577004069,1.0,0.9591695196907285
valve_0002_lidar_classes.ply,3,tubular,poisson,ok,,0.006232522101737586,0.006932460357667773,0.011616674723475539,0.009480272981014613,0.0157127950827522,1,1.0,0.08293804588104564,0.9234138589954426,1391,2704,0.035133136094674555,3.1903680714900466,0.9648668639053255,0.017553534742588507,0.9827492764328816,1.0,0.9677574998334124
valve_0002_lidar_classes.ply,4,plane,alpha_shape,ok,,0.005890921752310562,0.006790623234256569,0.011959122054498674,0.009843782724312902,0.015734704476623465,1,1.0,0.8316982992840303,0.5459414360928748,277,560,0.0,2.078369188738214,1.0,0.015386989727873437,0.9848461819153335,1.0,0.8826969045020521
valve_0002_lidar_classes.ply,4,plane,ball_pivoting,ok,,0.005783206187276319,0.007547853878524874,0.013172960703058753,0.008395813848139188,0.014179020035415508,4,0.988479262672811,0.46581967064007385,0.6822121574909237,288,434,0.0,1.8632646615767314,1.0,0.017102811640390864,0.983184775968904,0.25,0.7288492333649569
valve_0002_lidar_classes.ply,4,plane,poisson,ok,,0.007225487226405491,0.00985966982356802,0.016241763202541316,0.011405500853671098,0.01863098808007659,4,0.9909399773499433,0.19531639464988323,0.836598581326166,1411,2649,0.07285768214420536,5.8237957610152655,0.9271423178557946,0.02234119506588617,0.978147026478331,0.25,0.7479719814150728
valve_0002_lidar_classes.ply,5,tubular,alpha_shape,ok,,0.003994487675166015,0.004661206048323644,0.007861817007467773,0.010130904292101024,0.014125391967267038,2,0.9965277777777778,0.8841797898038728,0.5307349146888427,144,288,0.010416666666666666,2.4065112981586143,0.9895833333333334,0.02151664927477621,0.9789365652629823,0.5,0.7498137033212896
valve_0002_lidar_classes.ply,5,tubular,ball_pivoting,ok,,0.003425249834606399,0.00419439498963467,0.0074430044452381775,0.007372292647048661,0.01079754248165506,2,0.934156378600823,0.2784333725033714,0.782207365286346,148,243,0.00823045267489712,2.0353480927897376,0.9917695473251029,0.01936179713495074,0.9810059615836403,0.5,0.8137457185487724
valve_0002_lidar_classes.ply,5,tubular,poisson,ok,,0.003643332456047714,0.0051823820035191035,0.008661560643845389,0.00699695543351549,0.010640287889563204,25,0.920571882446386,0.29733601336941673,0.7708103295481783,1398,2518,0.05003971405877681,24.125388628515744,0.9499602859412232,0.023922455866917783,0.9766364574486615,0.04,0.6843517682345157
valve_0002_lidar_classes.ply,6,tubular,alpha_shape,ok,,0.008901417344892918,0.010117908328431556,0.017594123200227914,0.009779629022454092,0.01868104636734701,33,0.6349206349206349,0.8811729868304564,0.5315832233402821,655,1260,0.002380952380952381,2.100473780204049,0.9976190476190476,0.014567332610397502,0.9856418276617315,0.030303030303030304,0.6362867822310229
valve_0002_lidar_classes.ply,6,tubular,ball_pivoting,ok,,0.008245919280450258,0.009762636506209092,0.019618502426232524,0.008416812293063585,0.01666273157351384,2,0.9804469273743017,0.3345195419859099,0.7493333507217822,711,1074,0.000931098696461825,1.864515721200801,0.9990689013035382,0.014055827402658688,0.9861390004151345,0.5,0.8086353131101137
valve_0002_lidar_classes.ply,6,tubular,poisson,ok,,0.010710406069707353,0.011946905207176681,0.020488702774367325,0.023346613719890046,0.034057019789597395,2,0.9780366692131398,0.24737507561146244,0.8016834868291727,2689,5236,0.06168831168831169,5.426709105940584,0.9383116883116883,0.017200644260512966,0.9830902149368794,0.5,0.805771347519435
valve_0002_lidar_classes.ply,7,tubular,alpha_shape,ok,,0.004633202928490896,0.0062382136207495735,0.010847087365890695,0.00902906273125382,0.013662265659744717,5,0.603112840466926,0.7742706702192722,0.5636118641787702,134,257,0.007782101167315175,2.1949624869740716,0.9922178988326849,0.018661729868583075,0.981680150219258,0.2,0.6843774783076783
valve_0002_lidar_classes.ply,7,tubular,ball_pivoting,ok,,0.0035146636569512216,0.004014912348097689,0.006639246864214387,0.007774855704659087,0.011289519361610309,1,1.0,0.32206558625105397,0.7563921263813191,143,248,0.008064516129032258,1.9723686331513854,0.9919354838709677,0.012010683545209335,0.9881318609175801,1.0,0.9341148677924667
valve_0002_lidar_classes.ply,7,tubular,poisson,ok,,0.004512437192785817,0.005487369662874519,0.008697573896240358,0.01139257425776275,0.015905011450548567,1,1.0,0.16199791844536077,0.86058673955105,707,1306,0.05206738131699847,4.288370502747323,0.9479326186830015,0.016415566468741313,0.9838495522793175,1.0,0.9480922276283422
valve_0002_lidar_classes.ply,8,tubular,alpha_shape,ok,,0.004158277237570968,0.004848360832570388,0.008040726997125915,0.008154198105053165,0.012312475342624134,4,0.7888888888888889,0.48735539568818903,0.6723342671825296,183,360,0.0,1.9853629494293308,1.0,0.014789616099762244,0.9854259288180297,0.25,0.7269400490001399
valve_0002_lidar_classes.ply,8,tubular,ball_pivoting,ok,,0.0045130760274804,0.006063138218746866,0.014059297302204387,0.006652407052406826,0.011165483079887226,4,0.9863013698630136,0.3196454527629755,0.7577792943599164,191,292,0.0,1.7973449047994579,1.0,0.01849521719024418,0.9818406440422297,0.25,0.7474049846005365
valve_0002_lidar_classes.ply,8,tubular,poisson,ok,,0.005929010168314176,0.007571285145003113,0.01815000579756751,0.009709889991444216,0.01563890015975839,2,0.9936858721389108,0.20243304228686737,0.8316471394516348,682,1267,0.049723756906077346,3.2924178463592115,0.9502762430939227,0.023095723388447512,0.9774256476100247,0.5,0.8148372575388956
valve_0002_lidar_classes.ply,9,tubular,alpha_shape,ok,,0.005588369501007118,0.0062998842894331315,0.010430086731378331,0.009239532762203575,0.014827902263210693,3,0.9855595667870036,0.7245609104074163,0.5798577446381736,273,554,0.0,2.076350735151493,1.0,0.013261427790960643,0.9869121359727744,0.3333333333333333,0.7250258034860704
valve_0002_lidar_classes.ply,9,tubular,ball_pivoting,ok,,0.005693472715645758,0.006720708406876246,0.012568493192550307,0.00777011672798791,0.013463589443633668,1,1.0,0.34294918084081344,0.7446298149375282,280,427,0.0,1.7976146901691026,1.0,0.014147274004918449,0.9860500793449356,1.0,0.932669973570616
valve_0002_lidar_classes.ply,9,tubular,poisson,ok,,0.00792244919275485,0.00995889139597523,0.021889428271479397,0.00813906830307578,0.01606151749583063,1,1.0,0.1580928513177548,0.8634886217129599,372,655,0.04885496183206107,3.1834291145712275,0.9511450381679389,0.020963737278042675,0.979466717070742,1.0,0.9485250942379102
valve_0002_lidar_classes.ply,10,tubular,alpha_shape,ok,,0.004870700692824411,0.005946754334089041,0.01073923949108169,0.00789158561862466,0.01276228631144907,12,0.8987012987012987,0.999051676867872,0.5002371932509553,210,385,0.005194805194805195,2.157161800829221,0.9948051948051948,0.013932922969484219,0.9862585357928025,0.08333333333333333,0.6411585642955715
valve_0002_lidar_classes.ply,10,tubular,ball_pivoting,ok,,0.004141533169886769,0.004826401527228203,0.009058509079794367,0.006773841965815295,0.010915375135702064,1,1.0,0.28261683580779173,0.7796560688135675,219,377,0.013262599469496022,2.013721364920785,0.986737400530504,0.011307997088965448,0.9888184439146973,1.0,0.9388029783146922
valve_0002_lidar_classes.ply,10,tubular,poisson,ok,,0.004873037774227693,0.005953613073993088,0.009029297910629253,0.007149420427650268,0.01202245820187796,1,1.0,0.1342925654984419,0.8816067656765169,373,658,0.037993920972644375,3.6052732276838992,0.9620060790273556,0.013948992625195908,0.9862429049916202,1.0,0.9574639374238731
valve_0002_lidar_classes.ply,11,complex,alpha_shape,ok,,0.0077263403311072345,0.009665927543284733,0.01929447501543763,0.009180928597621929,0.016907268928729163,25,0.8534107402031931,0.9605648136003179,0.5100570983744385,363,689,0.00725689404934688,2.2000810708795955,0.9927431059506531,0.016566090477527582,0.9837038726427066,0.04,0.6316260192419496
valve_0002_lidar_classes.ply,11,complex,ball_pivoting,ok,,0.0063087648559842615,0.007222880775279722,0.012832189208548948,0.008953515610558113,0.015262280466542374,1,1.0,0.41897842690455017,0.7047323490191909,402,665,0.004511278195488722,2.124341648919267,0.9954887218045113,0.012379039248520645,0.9877723275881833,1.0,0.9219983496029713
valve_0002_lidar_classes.ply,11,complex,poisson,ok,,0.007825136534809977,0.008662786855024286,0.014253072657143344,0.016856983600654782,0.02468212013546476,1,1.0,0.10715498719816353,0.9032159106564323,884,1645,0.056534954407294835,4.260768418526912,0.9434650455927052,0.01484684322174228,0.9853703607387599,1.0,0.9580128292469743
valve_0002_lidar_classes.ply,12,tubular,alpha_shape,ok,,0.00949504743784152,0.011713849275399563,0.024115301508304536,0.009742325881967369,0.01923737331980889,14,0.3817663817663818,0.7758910114906741,0.5630976189020772,548,1053,0.003798670465337132,2.11732341437097,0.9962013295346629,0.01264642826249379,0.9875115065737281,0.07142857142857142,0.65455975660976
valve_0002_lidar_classes.ply,12,tubular,ball_pivoting,ok,,0.008113753857524685,0.009532817304222329,0.01664158736734328,0.009107422489461359,0.017221176346986042,4,0.6724137931034483,0.3519847172060138,0.7396533313383759,616,870,0.0034482758620689655,1.8635408808000549,0.996551724137931,0.010291756991486038,0.9898130842697029,0.25,0.7440045349365024
valve_0002_lidar_classes.ply,12,tubular,poisson,ok,,0.010097906056808144,0.011576544845468387,0.01914747343461848,0.021169205569022024,0.031267111625830166,1,1.0,0.19858379169282245,0.8343179733705959,1496,2787,0.04700394689630427,3.5289329130975244,0.9529960531036957,0.012498192564524389,0.9876560840737225,1.0,0.9437425276370036
valve_0002_lidar_classes.ply,13,tubular,alpha_shape,ok,,0.013047330512592936,0.016305516098750524,0.03289591170005071,0.00942559739743688,0.022472927910029816,119,0.37453737971872686,1.2314046543968984,0.4481482092589248,825,1351,0.010362694300518135,2.0568963292286107,0.9896373056994818,0.017547574371836776,0.9827550329696679,0.008403361344537815,0.607235977318153
valve_0002_lidar_classes.ply,13,tubular,ball_pivoting,ok,,0.010040577815422806,0.011401898495705528,0.01966980175398911,0.011182005234018156,0.02122258304944096,1,1.0,0.16949375346424878,0.8550708347418033,984,1805,0.003878116343490305,1.8941585827065996,0.9961218836565097,0.012270428033176958,0.9878783102880738,1.0,0.9597677571715967
valve_0002_lidar_classes.ply,13,tubular,poisson,ok,,0.010967981517783387,0.012323289585513566,0.020820088761028293,0.01304223391563238,0.024010215433415767,1,1.0,0.1016927457379774,0.9076940951718278,2566,4888,0.057692307692307696,3.730905724685905,0.9423076923076923,0.013262005274647605,0.9869115735065453,1.0,0.9592283402465163
valve_0003_lidar_classes.ply,0,plane,alpha_shape,ok,,0.00794375076134482,0.010282497759036136,0.020971117837257833,0.00649635489004752,0.014440105651392341,97,0.5539622641509434,1.119442849783458,0.47182211122237583,823,1325,0.0030188679245283017,1.9609586177359413,0.9969811320754717,0.02392734211262313,0.9766317968780334,0.010309278350515464,0.6139360796315991
valve_0003_lidar_classes.ply,0,plane,ball_pivoting,ok,,0.005836844273514224,0.006729168340094985,0.011806513325790852,0.0059814767307627805,0.011818321004277006,3,0.9959231217239372,0.13316272227813106,0.8824857898515949,965,1717,0.0017472335468841002,1.7326854911736955,0.9982527664531159,0.015658754981530666,0.9845826613469055,0.3333333333333333,0.7996636377462375
valve_0003_lidar_classes.ply,0,plane,poisson,ok,,0.00867824262593613,0.01281131659356481,0.03556924300123096,0.010313568634711067,0.018991811260647196,2,0.8542665388302972,0.17017433006595864,0.8545735231977217,1635,3129,0.04314477468839885,4.108007652851169,0.9568552253116012,0.02981189612008098,0.9710511247419064,0.5,0.8206199683128073
valve_0003_lidar_classes.ply,1,spherical,alpha_shape,ok,,0.007614885427561096,0.008629528734977507,0.015278391205495307,0.013946677995323347,0.02156156342288444,4,0.9896907216494846,0.9225120358511942,0.5201527903866927,230,485,0.002061855670103093,2.188888820094085,0.9979381443298969,0.02261321135842249,0.9778868382422093,0.25,0.6864944432396998
valve_0003_lidar_classes.ply,1,spherical,ball_pivoting,ok,,0.006672053531597039,0.007942097244959014,0.014160815167315183,0.011015643168982361,0.0176876967005794,1,1.0,0.4949222029374819,0.6689311310214183,258,426,0.0,1.8718772025282981,1.0,0.02081183447497626,0.9796124674772405,1.0,0.9121358996246647
valve_0003_lidar_classes.ply,1,spherical,poisson,ok,,0.007743278337050915,0.009113204631917842,0.01673913153861856,0.014575986182148493,0.022319264519199408,23,0.9721619667389733,0.25652618904768953,0.7958449324147326,2855,5532,0.05224150397686189,5.174855844976072,0.9477584960231381,0.023880657776690302,0.9766763268792028,0.043478260869565216,0.6909395040466597
valve_0003_lidar_classes.ply,2,spherical,alpha_shape,ok,,0.005641668516203223,0.008088145098783613,0.018570526422663755,0.009242862989130383,0.014884531505333606,19,0.2606837606837607,1.3385800252531252,0.4276099125116581,142,234,0.017094017094017096,2.3319025795601083,0.9829059829059829,0.03170394085589191,0.9692703113748014,0.05263157894736842,0.6081044464349527
valve_0003_lidar_classes.ply,2,spherical,ball_pivoting,ok,,0.004164226201950404,0.004771111232955723,0.008207804585191842,0.008968684832118452,0.013132911034068856,1,1.0,0.20720799033571372,0.8283576715905507,155,280,0.007142857142857143,2.159423560796389,0.9928571428571429,0.01870181932928706,0.9816415176900337,1.0,0.9507140830344318
valve_0003_lidar_classes.ply,2,spherical,poisson,ok,,0.004004563688264831,0.004519947667042684,0.008178152520513002,0.009528505081262512,0.013533068769527343,7,0.9921683798335781,0.13781008375576717,0.8788812951095727,3197,6129,0.0486213085332028,6.891124537480919,0.9513786914667972,0.017717307461410276,0.9825911308262957,0.14285714285714285,0.7389270650649521
valve_0003_lidar_classes.ply,3,tubular,alpha_shape,ok,,0.008282699426196295,0.01087256429262718,0.02211350069326089,0.008892049975651866,0.017174749401848162,72,0.09784735812133072,1.4930860492361395,0.4011092999803964,334,511,0.007827788649706457,2.178384167813327,0.9921722113502935,0.027332719026754323,0.9733944821180737,0.013888888888888888,0.5951412205844131
valve_0003_lidar_classes.ply,3,tubular,ball_pivoting,ok,,0.006072995229564343,0.006936079461813932,0.012108012886629424,0.008356849370451428,0.01442984460001577,1,1.0,0.15186629412240987,0.8681563173631063,390,748,0.017379679144385027,2.2261845775281444,0.982620320855615,0.017436724766535468,0.9828621040089381,1.0,0.9584096855569149
valve_0003_lidar_classes.ply,3,tubular,poisson,ok,,0.006086446839928675,0.006944784546054379,0.012196774322662035,0.009494620610470062,0.015581067450398736,1,1.0,0.0899631610533368,0.9174622003129016,1495,2903,0.03169135377196004,8.277169574258705,0.9683086462280399,0.017458608621644948,0.9828409642675329,1.0,0.9671529527021187
valve_0003_lidar_classes.ply,4,complex,alpha_shape,ok,,0.005923528545789546,0.006906453902792117,0.010801547403419546,0.009048342136091061,0.014971870681880608,5,0.9744027303754266,0.9301187636533134,0.5181028332718801,290,586,0.006825938566552901,2.105377160919299,0.9931740614334471,0.016088271104944697,0.9841664631287895,0.2,0.6738608394585291
valve_0003_lidar_classes.ply,4,complex,ball_pivoting,ok,,0.005557902046851698,0.006480981161092915,0.011274729606065943,0.008452132298923278,0.014010034345774976,1,1.0,0.4635249973794248,0.6832818037208734,298,494,0.004048582995951417,1.9512513918433214,0.9959514170040485,0.0150971516516673,0.9851273825100358,1.0,0.9160901508087395
valve_0003_lidar_classes.ply,4,complex,poisson,ok,,0.006349501320465991,0.007376156098076063,0.013067011079233807,0.010644314886848649,0.01699381620731464,2,0.997489014438167,0.19517253054917627,0.8366992835256217,1675,3186,0.0549278091650973,3.815478555334434,0.9450721908349027,0.017182421064196696,0.9831078273588133,0.5,0.8162198254298344
valve_0003_lidar_classes.ply,5,complex,alpha_shape,ok,,0.0041963044317538025,0.005044095518594128,0.008153594408063224,0.011478337204438332,0.015674641636192137,4,0.94140625,0.8943653497059137,0.5278812770489297,134,256,0.0,2.077444631716073,1.0,0.019476252806957865,0.980895824936252,0.25,0.6896942754962955
valve_0003_lidar_classes.ply,5,complex,ball_pivoting,ok,,0.004995464815322363,0.009321358339829904,0.011738643717757081,0.008144644612745722,0.013140109428068085,4,0.966824644549763,0.22305621575925189,0.8176239056838589,138,211,0.0,1.7533233282291787,1.0,0.03599161254213756,0.9652587799877833,0.25,0.7582206714179105
valve_0003_lidar_classes.ply,5,complex,poisson,ok,,0.0038572019149198194,0.006186067195105596,0.008537102101541068,0.007311454112196835,0.011168656027116655,21,0.92,0.2482375403862699,0.8011295668054877,1029,1825,0.05041095890410959,3.6435714640676844,0.9495890410958904,0.023885631849867403,0.976671582150525,0.047619047619047616,0.6937523094177377
valve_0003_lidar_classes.ply,6,tubular,alpha_shape,ok,,0.009248385176489323,0.010880920979131023,0.01932417875282631,0.00955779233371589,0.01880617751020521,37,0.43699927166788055,0.9308906176706504,0.5178957268984818,697,1373,0.003641660597232338,2.0682335926477062,0.9963583394027676,0.014815022970764292,0.985401257731291,0.02702702702702703,0.6316705877648918
valve_0003_lidar_classes.ply,6,tubular,ball_pivoting,ok,,0.008663564931796255,0.010149959842569854,0.018948713505652772,0.00941066103933261,0.018074225971128864,2,0.9992307692307693,0.2840914204395658,0.7787607518300241,742,1300,0.0038461538461538464,1.845596267498084,0.9961538461538462,0.013819775780782905,0.9863686070138652,0.5,0.8153208012494338
valve_0003_lidar_classes.ply,6,tubular,poisson,ok,,0.010736478925708969,0.012078629206354429,0.02125990104859288,0.028103631066520494,0.03884010999222946,1,1.0,0.17222533726753467,0.8530783017632146,2659,5237,0.0601489402329578,18.27177345657671,0.9398510597670422,0.01644577416660702,0.9838203133068352,1.0,0.9441874187092729
valve_0003_lidar_classes.ply,7,tubular,alpha_shape,ok,,0.004661378933982286,0.005928561378906185,0.01340654502059612,0.00855044808440896,0.013211827018391246,2,0.5595238095238095,0.6293379970432678,0.6137461974217032,170,336,0.008928571428571428,2.533991724748713,0.9910714285714286,0.01728221277506533,0.9830113880317234,0.5,0.7719572535062138
valve_0003_lidar_classes.ply,7,tubular,ball_pivoting,ok,,0.004010324050991488,0.004898138928707861,0.008797232669057676,0.0070154649646935055,0.011025789015684993,1,1.0,0.3064158877479208,0.7654530302167871,189,330,0.006060606060606061,2.18292530554672,0.9939393939393939,0.014278452015179742,0.9859225521484646,1.0,0.9363287440761614
valve_0003_lidar_classes.ply,7,tubular,poisson,ok,,0.00476697677545605,0.005927836018519212,0.014144010252346108,0.00868095647913098,0.01344793325458703,1,1.0,0.18983001844523836,0.8404561865960559,766,1417,0.062103034580098804,6.52257153280828,0.9378969654199012,0.017280098293702133,0.9830134312833937,1.0,0.9403416458248377
valve_0003_lidar_classes.ply,8,tubular,alpha_shape,ok,,0.004747097324045908,0.0058577685468967616,0.009440154583096803,0.00969716652659132,0.014444263850637226,1,1.0,0.6773826361275221,0.5961668962477418,119,240,0.0,1.9108720768951137,1.0,0.017164193889769398,0.9831254442568105,1.0,0.8948230851261381
valve_0003_lidar_classes.ply,8,tubular,ball_pivoting,ok,,0.005365031202733202,0.006691410182043668,0.013919775901738629,0.009723323922359806,0.015088355125093007,1,1.0,0.6514220942486584,0.6055387072043301,127,176,0.0,1.745632866586586,1.0,0.019606896524004786,0.9807701413252031,1.0,0.8965772121323833
valve_0003_lidar_classes.ply,8,tubular,poisson,ok,,0.005719131396616198,0.008117745513489628,0.01616532080143009,0.009828569578661248,0.015547700975277447,2,0.9934533551554828,0.21825523249281667,0.8208460537073018,666,1222,0.05155482815057283,10.752965172297499,0.9484451718494271,0.023786285993692282,0.9767663561046773,0.5,0.8115143954153515
valve_0003_lidar_classes.ply,9,tubular,alpha_shape,ok,,0.0059729274037177175,0.0072707589919511545,0.01570445767983724,0.0088992876319152,0.014872215035632918,1,1.0,0.7184238312726322,0.5819286149328009,240,493,0.006085192697768763,2.0682111628090736,0.9939148073022313,0.016059925516063014,0.9841939189680117,1.0,0.890009335300761
valve_0003_lidar_classes.ply,9,tubular,ball_pivoting,ok,,0.0045813852560189355,0.005227932416432853,0.00947148037759393,0.00733609619265145,0.011917481448670386,1,1.0,0.3258484815587592,0.7542339972545964,258,459,0.006535947712418301,1.7753742233901468,0.9934640522875817,0.011547653457344442,0.9885841725618403,1.0,0.9340705555260046
valve_0003_lidar_classes.ply,9,tubular,poisson,ok,,0.006446539970387197,0.0075310682544925634,0.014500727160039072,0.008587436563062639,0.015033976533449836,1,1.0,0.1860199620976311,0.8431561288659675,511,915,0.07650273224043716,5.575816709475283,0.9234972677595629,0.016634906391124922,0.9836372858274404,1.0,0.9375726706132427
valve_0003_lidar_classes.ply,10,tubular,alpha_shape,ok,,0.006328684142397201,0.007673129272077716,0.015013872478080977,0.009835440385071148,0.01616412452746835,1,1.0,0.7743380207709611,0.5635904705268581,245,503,0.0,2.0744949074327077,1.0,0.016338189764522826,0.9839244555315705,1.0,0.8868787315146072
valve_0003_lidar_classes.ply,10,tubular,ball_pivoting,ok,,0.0072838755649179835,0.008917787092492717,0.01831065506001236,0.008810690953190823,0.016094566518108807,1,1.0,0.4128703094209828,0.7077790461955537,260,321,0.0,1.8469172846221609,1.0,0.01898840650671141,0.9813654342037047,1.0,0.9222861200998146
valve_0003_lidar_classes.ply,10,tubular,poisson,ok,,0.006653012205414586,0.0077473031726436395,0.013730903761160087,0.008605222487228385,0.015258234692642971,1,1.0,0.14829964516228558,0.8708528337641985,450,815,0.0736196319018405,3.880214922711741,0.9263803680981595,0.016496126275175767,0.9837715797937925,1.0,0.9452511954140376
valve_0003_lidar_classes.ply,11,tubular,alpha_shape,ok,,0.0084321912680233,0.010910453814822028,0.021442092097494727,0.01029700080650469,0.01872919207452799,15,0.8734177215189873,0.7159943308457084,0.5827525079917725,319,632,0.0,1.9351416468125502,1.0,0.017541056419079954,0.9827613280973544,0.06666666666666667,0.6580451256889484
valve_0003_lidar_classes.ply,11,tubular,ball_pivoting,ok,,0.00682157438998605,0.007877147764902623,0.012920459720853645,0.009637252058172403,0.016458826448158454,1,1.0,0.35907813081689666,0.7357928711566665,345,562,0.0017793594306049821,1.8025724483607621,0.998220640569395,0.012664321366529736,0.9874940579031756,1.0,0.9303768924073093
valve_0003_lidar_classes.ply,11,tubular,poisson,ok,,0.007626631367312924,0.008440756020585912,0.013825759794303151,0.020005968029534863,0.027632599396847788,1,1.0,0.11618941306980228,0.8959052901691191,907,1696,0.05365566037735849,8.841557322272996,0.9463443396226415,0.01357045088038819,0.9866112406211123,1.0,0.9572152176032181
valve_0003_lidar_classes.ply,12,tubular,alpha_shape,ok,,0.009571167397504934,0.011446619081641825,0.020537261983853108,0.010282147335423854,0.019853314732928787,8,0.7880859375,0.7995286146166131,0.5557010829822501,521,1024,0.0009765625,2.019526019708594,0.9990234375,0.013355998844915506,0.9868200327820239,0.125,0.6666361383160685
valve_0003_lidar_classes.ply,12,tubular,ball_pivoting,ok,,0.007903671939222794,0.00926194026331799,0.016399275414155243,0.00948141706928062,0.017385089008503413,1,1.0,0.268743666440805,0.7881812744770509,573,934,0.0010706638115631692,1.8343990845733082,0.9989293361884368,0.010806899624793705,0.9893086408207096,1.0,0.9441048128715492
valve_0003_lidar_classes.ply,12,tubular,poisson,ok,,0.01093013058288747,0.013887638321666309,0.027364564701736864,0.01861992285807851,0.029550053440965982,3,0.9920922570016475,0.15597580381548645,0.8650700098560343,1603,3035,0.049093904448105435,5.275888217472515,0.9509060955518945,0.016204197943500982,0.9840541911002793,0.3333333333333333,0.7833409074603854
valve_0003_lidar_classes.ply,13,tubular,alpha_shape,ok,,0.01321433177433053,0.017864034053501447,0.038107601288902296,0.00826551964344747,0.021479851417778,144,0.3703976435935199,1.2275613539482078,0.44892141723843654,879,1358,0.005154639175257732,1.9342205819164613,0.9948453608247423,0.018530091108533743,0.9818070263507225,0.006944444444444444,0.6081295622145864
valve_0003_lidar_classes.ply,13,tubular,ball_pivoting,ok,,0.009538768757218982,0.01098734988489719,0.019331354755096227,0.009889706929198046,0.019428475686417028,1,1.0,0.14498657747357377,0.8733726837274475,1063,1938,0.0046439628482972135,1.783429515127183,0.9953560371517027,0.011397011100556912,0.9887314170642493,1.0,0.9643650344858499
valve_0003_lidar_classes.ply,13,tubular,poisson,ok,,0.01205528523992008,0.013661158626980143,0.023043952882563185,0.01980484738670141,0.03186013262662149,1,1.0,0.09380707944037632,0.9142380030230096,2571,4919,0.04187843057532019,4.769166857855379,0.9581215694246799,0.014170512284511485,0.9860274854051997,1.0,0.9645967644632223
valve_0004_lidar_classes.ply,0,plane,alpha_shape,ok,,0.008270016107536022,0.010611594633869285,0.0216808289707146,0.006671097543606275,0.014941113651142297,91,0.495970695970696,1.1975753515009209,0.4550469677032965,844,1365,0.004395604395604396,1.9917236817546806,0.9956043956043956,0.02417630114554907,0.9763943950680095,0.01098901098901099,0.6095086923411781
valve_0004_lidar_classes.ply,0,plane,ball_pivoting,ok,,0.00632334318110569,0.007413311621413242,0.013449120872081442,0.006275868561406712,0.012599211742512401,2,0.7397899649941657,0.1242170285676824,0.8895079638440078,994,1714,0.0029171528588098016,1.7718876548288713,0.9970828471411902,0.01688968156331978,0.9833908418292195,0.5,0.8424954132036044
valve_0004_lidar_classes.ply,0,plane,poisson,ok,,0.008427628277372572,0.011411466862435363,0.02292728659557149,0.010626897135162565,0.019054525412535137,7,0.7814323607427056,0.18810529407069154,0.8416762428301247,1960,3770,0.03474801061007957,5.661408030124443,0.9652519893899204,0.025998642889932474,0.9746601585975767,0.14285714285714285,0.7311113834186912
valve_0004_lidar_classes.ply,1,spherical,alpha_shape,ok,,0.00726496847719464,0.008162719981025975,0.014425315330579282,0.014446167837051247,0.021711136314245885,1,1.0,0.8420942293346034,0.5428603944767894,206,431,0.0069605568445475635,2.2276099802275597,0.9930394431554525,0.020273587173765394,0.980129263926233,1.0,0.8790072753896186
valve_0004_lidar_classes.ply,1,spherical,ball_pivoting,ok,,0.007409164992818576,0.008830779248333549,0.015346422106201471,0.01375772182791388,0.021166886820732457,2,0.9943342776203966,0.3822623745072942,0.7234516532047317,224,353,0.0028328611898017,1.8975402447020502,0.9971671388101983,0.021932832844875575,0.9785378919827651,0.5,0.7997891709994237
valve_0004_lidar_classes.ply,1,spherical,poisson,ok,,0.007862493682054635,0.009363097969288565,0.017438780341364944,0.016246152073943594,0.024108645755998227,18,0.9768847795163584,0.22412916415166265,0.8169072588782025,2906,5624,0.05778805120910384,6.18377148915904,0.9422119487908962,0.02325494238907096,0.9772735596714776,0.05555555555555555,0.6979870807240329
valve_0004_lidar_classes.ply,2,spherical,alpha_shape,ok,,0.006563824166024765,0.009738710441752674,0.02137939882623012,0.00904564476825633,0.015609468934281095,24,0.25139664804469275,1.4313709950255291,0.41129058545403113,126,179,0.0111731843575419,2.2394771718916067,0.9888268156424581,0.037821489490607395,0.9635568449163918,0.041666666666666664,0.6013352281698869
valve_0004_lidar_classes.ply,2,spherical,ball_pivoting,ok,,0.0037371251962357863,0.004174003828915927,0.0071656133525038615,0.008749187405115091,0.012486312601350878,1,1.0,0.2037689589735413,0.8307241954907228,153,280,0.010714285714285714,2.0567666562916807,0.9892857142857143,0.016210261398909347,0.9840483195115602,1.0,0.9510145573219994
valve_0004_lidar_classes.ply,2,spherical,poisson,ok,,0.0042509687397894996,0.004947001596763698,0.00941316346173416,0.009566433753821964,0.013817402493611464,8,0.991166978087311,0.13137461821729543,0.8838805324939124,3081,5887,0.04875148632580262,3.7452457191528135,0.9512485136741974,0.019212294073335575,0.9811498603528883,0.125,0.7353197266302496
valve_0004_lidar_classes.ply,3,tubular,alpha_shape,ok,,0.008103450380632886,0.01000318058161393,0.021882539665417793,0.008974072999388972,0.01707752338002186,71,0.15606936416184972,1.5209845643751467,0.3966704176341757,343,519,0.0019267822736030828,2.062134540243257,0.9980732177263969,0.024575531214226502,0.976013938977147,0.014084507042253521,0.5962105203449932
valve_0004_lidar_classes.ply,3,tubular,ball_pivoting,ok,,0.0064437062104246495,0.007334480025307089,0.012512072925590452,0.008589596681502274,0.015033302891926923,1,1.0,0.17095572954545346,0.8540032511632051,389,740,0.002702702702702703,1.8659961643131375,0.9972972972972973,0.018019143144667044,0.9822997993053394,1.0,0.9584000869414604
valve_0004_lidar_classes.ply,3,tubular,poisson,ok,,0.006364193599609624,0.007215263817518859,0.012169337976214105,0.009061857396712366,0.01542605099632199,1,1.0,0.09898161263145695,0.9099333314645272,1497,2901,0.04894863840055153,4.185946988228424,0.9510513615994485,0.017726256136196317,0.9825824910880316,1.0,0.9608917960380019
valve_0004_lidar_classes.ply,4,plane,alpha_shape,ok,,0.006590421277278364,0.007562419179527582,0.012640802359387113,0.010201116556581126,0.01679153783385949,3,0.9802158273381295,0.836985163577562,0.5443702104008733,272,556,0.007194244604316547,2.1560832050913707,0.9928057553956835,0.01771379536928718,0.9825945217114213,0.3333333333333333,0.7132759552103278
valve_0004_lidar_classes.ply,4,plane,ball_pivoting,ok,,0.005380479716501042,0.00709184801652099,0.01095805619863184,0.007932782831005595,0.013313262547506637,2,0.9894957983193278,0.5064986536828716,0.6637908354948368,294,476,0.0063025210084033615,1.9429414078954395,0.9936974789915967,0.016611555320130453,0.9836598794955665,0.5,0.7852870484955
valve_0004_lidar_classes.ply,4,plane,poisson,ok,,0.007843858827433152,0.010423105216117732,0.019010099554357226,0.011995773387924498,0.01983963221535765,5,0.9939617577993962,0.2320103158165567,0.8116815152941442,1585,2981,0.06071787990607179,4.73001452307404,0.9392821200939282,0.02441450923676426,0.9761673531401325,0.2,0.7317827471320513
valve_0004_lidar_classes.ply,5,complex,alpha_shape,ok,,0.004416564594098349,0.005674435567412187,0.008046005272751277,0.009386444894781779,0.013803009488880129,2,0.9787234042553191,0.783745818653486,0.5606179925090896,145,282,0.0,2.0154580299247233,1.0,0.02032636347830352,0.9800785668136509,0.5,0.7601741398306852
valve_0004_lidar_classes.ply,5,complex,ball_pivoting,ok,,0.0036843997908142163,0.0043567420702551925,0.008442315838963516,0.008438850899417961,0.012123250690232177,1,1.0,0.3095349257726024,0.763629881356557,155,279,0.0,1.7829870142484063,1.0,0.015606261071990582,0.984633551731438,1.0,0.9370658582719987
valve_0004_lidar_classes.ply,5,complex,poisson,ok,,0.00393874760987963,0.004710742818290826,0.007928657218720419,0.00889377694615654,0.01283252455603617,11,0.977728285077951,0.216573516015892,0.821980740855563,1462,2694,0.06941351150705272,7.37679041387259,0.9305864884929473,0.01687432514473943,0.9834056925939815,0.09090909090909091,0.7067205032128957
valve_0004_lidar_classes.ply,6,tubular,alpha_shape,ok,,0.010339720319205934,0.011990029000116031,0.020722957876768842,0.01046598464536297,0.020805704964568905,29,0.8711734693877551,0.817311173695434,0.5502634961334318,785,1568,0.0012755102040816326,2.0250343779516142,0.9987244897959183,0.014947480579321954,0.9852726561074963,0.034482758620689655,0.642185850164384
valve_0004_lidar_classes.ply,6,tubular,ball_pivoting,ok,,0.009729645922584611,0.011468113065429834,0.02242994637951942,0.008575490306638624,0.018305136229223237,1,1.0,0.38506865214349034,0.7219858730124534,839,1262,0.000792393026941363,1.7270573444628547,0.9992076069730587,0.01429682925081515,0.9859046890037355,1.0,0.9267745422473119
valve_0004_lidar_classes.ply,6,tubular,poisson,ok,,0.01137378219663844,0.012722795588244873,0.021068612555869812,0.026458313328323855,0.03783209552496229,1,1.0,0.2085332361192238,0.8274493163391564,2723,5313,0.05759457933370977,4.7104144806861745,0.9424054206662902,0.015860990825637945,0.9843866523383805,1.0,0.9385603473359567
valve_0004_lidar_classes.ply,7,complex,alpha_shape,ok,,0.004453982341255805,0.005132647430638013,0.00927400991305895,0.010487339636413953,0.014941321977669758,1,1.0,0.6615051958627838,0.601863901774151,145,301,0.0033222591362126247,2.090269666124447,0.9966777408637874,0.014491770319052962,0.9857152411256176,1.0,0.8960642209408889
valve_0004_lidar_classes.ply,7,complex,ball_pivoting,ok,,0.0038203591337783427,0.004634398624829123,0.007375747529762438,0.008089954326637812,0.011910313460416155,1,1.0,0.3636963311153857,0.7333010855738582,148,256,0.0,1.9279037504998826,1.0,0.013084990026211513,0.9870840155021219,1.0,0.930096275268995
valve_0004_lidar_classes.ply,7,complex,poisson,ok,,0.004999537026902797,0.006827895489228848,0.010648637367881922,0.010820405873678272,0.015819942900581068,3,0.9936733886911823,0.21607625658571847,0.8223168527339078,1340,2529,0.05970739422696718,4.666761513460681,0.9402926057730329,0.01927821743643562,0.9810864029990537,0.3333333333333333,0.769257298709832
valve_0004_lidar_classes.ply,8,complex,alpha_shape,ok,,0.004076084644347661,0.004963535789151076,0.008052293177430475,0.009210253366154055,0.013286338010501716,1,1.0,0.5071235598540677,0.6635156045844234,133,262,0.0,1.829106544244852,1.0,0.01462678027271192,0.9855840782471949,1.0,0.9122749207079046
valve_0004_lidar_classes.ply,8,complex,ball_pivoting,ok,,0.007274370696315492,0.009766417048926623,0.021365917400953737,0.009171097023930333,0.016445467720245827,1,1.0,0.6100534837191808,0.6210973797528927,138,159,0.0,1.781158163864059,1.0,0.028780136236460873,0.972024988408363,1.0,0.898280592040314
valve_0004_lidar_classes.ply,8,complex,poisson,ok,,0.005676301657046025,0.007608187722120487,0.015371080875288977,0.009570780066218823,0.015247081723264848,7,0.9783588818755635,0.27576438640884976,0.7838437964355636,1188,2218,0.07484220018034266,8.567117679825069,0.9251577998196574,0.02242016473986863,0.9780714763723649,0.14285714285714285,0.7074825538711822
valve_0004_lidar_classes.ply,9,tubular,alpha_shape,ok,,0.005626130173159218,0.006733780381324019,0.012775068233792711,0.009424225778837914,0.015050355951997132,2,0.9959758551307847,0.7775645714474346,0.5625674679067891,248,497,0.006036217303822937,2.1007596128864274,0.993963782696177,0.014305158918994847,0.9858965925656528,0.5,0.7606069607921547
valve_0004_lidar_classes.ply,9,tubular,ball_pivoting,ok,,0.00501119856818637,0.005763338121671557,0.009726269405186807,0.007980553821967067,0.012991752390153436,1,1.0,0.29985313210988823,0.7693176831268819,255,461,0.006507592190889371,1.9222393074502568,0.9934924078091106,0.012243563506031983,0.9879045281714364,1.0,0.9376786547768572
valve_0004_lidar_classes.ply,9,tubular,poisson,ok,,0.0063596083638624975,0.007242243938259552,0.012056075585276903,0.009403127885165653,0.01576273624902815,1,1.0,0.17880155111707663,0.8483192094991413,586,1086,0.06813996316758748,5.982693582389094,0.9318600368324125,0.01538533254726664,0.9848477892538886,1.0,0.9412567588963606
valve_0004_lidar_classes.ply,10,tubular,alpha_shape,ok,,0.004834411163651658,0.005462782789717269,0.009132529011215378,0.008805447004911282,0.01363985816856294,7,0.6157517899761337,0.8787426611745317,0.5322708749131353,222,419,0.0,1.9115568261666267,1.0,0.012114720918428065,0.9880302887923271,0.14285714285714285,0.6657895766406513
valve_0004_lidar_classes.ply,10,tubular,ball_pivoting,ok,,0.005380789559933935,0.006895788769718512,0.01618944735412991,0.007413628649517282,0.012794418209451217,1,1.0,0.2939667556757599,0.7728173816009368,223,320,0.0,1.659750071923267,1.0,0.015292674022262176,0.9849376692912818,1.0,0.9394387627230547
valve_0004_lidar_classes.ply,10,tubular,poisson,ok,,0.005388470745742994,0.0072251662144240175,0.00953373180352172,0.007793695218629708,0.013182165964372702,1,1.0,0.12143978643569688,0.89171082754102,477,854,0.040983606557377046,3.080220389255954,0.9590163934426229,0.01602312880566364,0.9842295629386913,1.0,0.9587391959805837
valve_0004_lidar_classes.ply,11,tubular,alpha_shape,ok,,0.008542337632169484,0.011205546941544013,0.01763144927307279,0.010200229082129376,0.01874256671429886,14,0.901840490797546,0.8227757206102657,0.5486138468342115,335,652,0.0015337423312883436,2.0313500981879646,0.9984662576687117,0.019498798602115973,0.9808741328299241,0.07142857142857142,0.6498457021903546
valve_0004_lidar_classes.ply,11,tubular,ball_pivoting,ok,,0.006774898574460338,0.008021219398392364,0.014515602766464521,0.008829388172899931,0.01560428674736027,1,1.0,0.43231198289131234,0.6981719150190777,364,579,0.0,1.884980519965881,1.0,0.013957742750849393,0.9862343940360055,1.0,0.9211015772637708
valve_0004_lidar_classes.ply,11,tubular,poisson,ok,,0.007900150151574572,0.00874966371568045,0.014711630167969381,0.018437663277781496,0.026337813429356066,1,1.0,0.12336337211205871,0.8901839109458228,915,1718,0.05238649592549476,4.329211064252783,0.9476135040745053,0.015225310421553303,0.9850030232055272,1.0,0.9557001095564639
valve_0004_lidar_classes.ply,12,tubular,alpha_shape,ok,,0.007929833076546657,0.009732236256595273,0.015900729773247847,0.012838161910737299,0.020767994987283954,18,0.5152027027027027,0.929806997961515,0.5181865342266432,319,592,0.0033783783783783786,2.1286158815585945,0.9966216216216216,0.011450358647404091,0.9886792677964774,0.05555555555555555,0.6397607448000745
valve_0004_lidar_classes.ply,12,tubular,ball_pivoting,ok,,0.007688861310934389,0.00981977246064014,0.01685314420845039,0.011405065831634534,0.019093927142568926,8,0.657258064516129,0.3552426828267367,0.7378752253538983,338,496,0.004032258064516129,1.878106754021712,0.9959677419354839,0.01155334843356622,0.988578606900509,0.125,0.7118553935474728
valve_0004_lidar_classes.ply,12,tubular,poisson,ok,,0.010500347643560172,0.012495387348609846,0.02373890383156645,0.025515832136346138,0.03601617977990631,1,1.0,0.21212221072995874,0.8249993203224818,1191,2233,0.0761307657859382,9.000111896502785,0.9238692342140618,0.014701314559935723,0.9855116827494094,1.0,0.9335950593214882
valve_0004_lidar_classes.ply,13,tubular,alpha_shape,ok,,0.01384415802985099,0.01846084231017118,0.040809548521066816,0.00943766124748146,0.02328181927733245,89,0.4656432748538012,1.129459203129333,0.4696027979923056,813,1368,0.003654970760233918,2.2194047994571955,0.9963450292397661,0.019259037866468754,0.9811048642680843,0.011235955056179775,0.6145721616390839
valve_0004_lidar_classes.ply,13,tubular,ball_pivoting,ok,,0.010506021674564395,0.012481875831747332,0.02173828756381089,0.010564745975695887,0.02107076765026028,1,1.0,0.17217263072077324,0.853116660286716,991,1819,0.003298515667949423,1.9502664511756638,0.9967014843320505,0.013021557480924827,0.9871458239118766,1.0,0.9592409921326608
valve_0004_lidar_classes.ply,13,tubular,poisson,ok,,0.012995722298101418,0.014615733532133569,0.02528746330367397,0.029494657695285944,0.04249037999338736,1,1.0,0.1143168568188767,0.8974108162150347,2804,5523,0.052507695093246425,4.292450399439819,0.9474923049067536,0.015247677262618222,0.9849813226820375,1.0,0.9574711109509565
valve_0005_lidar_classes.ply,0,plane,alpha_shape,ok,,0.00789324651826602,0.010449610031354119,0.023907447729007412,0.00662437366740085,0.01451762018566687,88,0.6170382165605095,1.1221232742880343,0.47122615925104394,749,1256,0.003980891719745223,1.9404952998358957,0.9960191082802548,0.025599608738646903,0.9750393735327852,0.011363636363636364,0.61341206935693
valve_0005_lidar_classes.ply,0,plane,ball_pivoting,ok,,0.005490213087706139,0.006351765063954807,0.011148422041790288,0.006022171786438458,0.011512384874144597,3,0.9986440677966102,0.14722052492886814,0.8716719918012308,867,1475,0.0047457627118644066,1.7602751753404833,0.9952542372881356,0.015560647713087778,0.9846777760165004,0.3333333333333333,0.7962343346098
valve_0005_lidar_classes.ply,0,plane,poisson,ok,,0.0077743389910785235,0.011275938987907904,0.022255407846253898,0.009648449540774064,0.017422788531852588,4,0.8294993234100135,0.174270622249468,0.8515924532663264,1544,2956,0.029093369418132613,6.3188569548322695,0.9709066305818674,0.027623961600975685,0.9731186089141604,0.25,0.7614044231905885
valve_0005_lidar_classes.ply,1,spherical,alpha_shape,ok,,0.007581955742878444,0.008465152769756035,0.014327963133625717,0.013762931977701303,0.02134488772057975,1,1.0,0.8967857729875581,0.5272076658530269,234,504,0.013888888888888888,2.257868904821815,0.9861111111111112,0.021700343039163066,0.9787605600927831,1.0,0.8730198342642302
valve_0005_lidar_classes.ply,1,spherical,ball_pivoting,ok,,0.006246774223876034,0.007309013201525508,0.012015525306199256,0.011000744304382377,0.017247518528258413,1,1.0,0.4535886865521731,0.6879525200295423,250,420,0.009523809523809525,1.9919227896007452,0.9904761904761905,0.018736589647565933,0.981608013457092,1.0,0.9150091809907062
valve_0005_lidar_classes.ply,1,spherical,poisson,ok,,0.007669551042519833,0.008900791715719357,0.0156517318336332,0.013631784084596319,0.021301335127116152,22,0.9724770642201835,0.24382040685601525,0.8039745886849403,3043,5886,0.04960924226979273,4.92240737856876,0.9503907577302073,0.022817099561549602,0.9776919064304551,0.045454545454545456,0.6943779495750371
valve_0005_lidar_classes.ply,2,spherical,alpha_shape,ok,,0.008776831910039293,0.015964164854036622,0.03949598963846117,0.007948782063795795,0.01672561397383509,27,0.3471502590673575,1.3865497911960154,0.4190149326399981,133,193,0.0,2.2699363313317833,1.0,0.06410672468640785,0.9397553617516138,0.037037037037037035,0.5989518328571621
valve_0005_lidar_classes.ply,2,spherical,ball_pivoting,ok,,0.003678156668421726,0.0042310487914037805,0.007296842810252987,0.008265583386476037,0.011943740054897763,1,1.0,0.20080383119579406,0.8327754909011008,166,298,0.0,2.042744863765552,1.0,0.016990471000848925,0.9832933823026601,1.0,0.9540172183009402
valve_0005_lidar_classes.ply,2,spherical,poisson,ok,,0.0040008198804827,0.004628406960845074,0.0078072589031034645,0.009142167109200936,0.013142986989683636,3,0.997418938538474,0.13084864779319824,0.8842916352700747,3227,6199,0.04774963703823197,4.62671608177754,0.952250362961768,0.018586127961496442,0.9817530128761001,0.3333333333333333,0.787907086110319
valve_0005_lidar_classes.ply,3,tubular,alpha_shape,ok,,0.008463604678170578,0.01138166340896361,0.02563044867273853,0.008589379107734165,0.017052983785904745,68,0.10401891252955082,1.683926372144379,0.37258846232843157,299,423,0.004728132387706856,2.4464644591850875,0.9952718676122931,0.029405837140002267,0.9714341651474402,0.014705882352941176,0.5885000943602765
valve_0005_lidar_classes.ply,3,tubular,ball_pivoting,ok,,0.005705461215575317,0.006442774623586702,0.01143721522383342,0.008247481023575842,0.01395294223915116,1,1.0,0.15273402965632601,0.867502801403493,370,705,0.0028368794326241137,2.0105567263945647,0.9971631205673759,0.016645649629888445,0.9836268913992321,1.0,0.9620732033425252
valve_0005_lidar_classes.ply,3,tubular,poisson,ok,,0.0060618089148493145,0.006877664720008907,0.012144274199496126,0.009306901459614587,0.015368710374463902,1,1.0,0.08262791107299298,0.9236783845789636,1406,2725,0.05981651376146789,5.00451422133801,0.9401834862385321,0.017769238238133513,0.982540994981442,1.0,0.9616007164497344
valve_0005_lidar_classes.ply,4,plane,alpha_shape,ok,,0.006286397939430065,0.007781394568016946,0.012716479355661402,0.009127527857135956,0.01541392579656602,7,0.9735849056603774,0.8356313593210933,0.5447716911797852,262,530,0.005660377358490566,2.088239259086254,0.9943396226415094,0.019175401269694144,0.9811853766821635,0.14285714285714285,0.6657884583401502
valve_0005_lidar_classes.ply,4,plane,ball_pivoting,ok,,0.0050895379409266975,0.006029022464758339,0.011128634002788263,0.007888591127091274,0.012978129068017971,1,1.0,0.47302532221859733,0.6788749554514445,280,454,0.0,1.8600391710579782,1.0,0.01485709586054367,0.9853604059910074,1.0,0.9160588403606129
valve_0005_lidar_classes.ply,4,plane,poisson,ok,,0.006496902507303499,0.00799661603399505,0.0130169823269426,0.01010635418496516,0.01660325669226866,3,0.9956463496316142,0.19927668461459888,0.8338359386360966,1583,2986,0.05659745478901541,15.277742626500924,0.9434025452109845,0.019705763524931086,0.9806750493820766,0.3333333333333333,0.7728117166406229
valve_0005_lidar_classes.ply,5,complex,alpha_shape,ok,,0.004251267109163698,0.005880409816114957,0.00821460566600873,0.008875277391135007,0.013126544500298706,4,0.9649805447470817,0.8427648962044213,0.5426628226203568,131,257,0.01556420233463035,2.2962728013346108,0.9844357976653697,0.02304325304389177,0.9774757782964401,0.25,0.6886435996455417
valve_0005_lidar_classes.ply,5,complex,ball_pivoting,ok,,0.003221796225699151,0.0039046649888489202,0.007023008687669386,0.007796744075979915,0.011018540301679066,1,1.0,0.28407769783228876,0.7787690742453875,138,249,0.008032128514056224,1.9311570389425678,0.9919678714859438,0.0153010055767024,0.9849295868982112,1.0,0.9389166331573856
valve_0005_lidar_classes.ply,5,complex,poisson,ok,,0.0034498843500849114,0.004018619769391034,0.007668320665896701,0.010156529650720478,0.01360641400080539,7,0.9837947332883187,0.2321103125579997,0.8116156400995357,1593,2962,0.05570560432140446,4.028383360080551,0.9442943956785955,0.015747554189079204,0.9844965866527227,0.14285714285714285,0.7208159413219991
valve_0005_lidar_classes.ply,6,tubular,alpha_shape,ok,,0.009816117930686236,0.011629502349488924,0.018680041775933038,0.01021573386456806,0.020031851795254296,29,0.6181208053691275,0.8295277002686596,0.5465891551426926,753,1490,0.005369127516778523,2.0754825853179066,0.9946308724832215,0.014508097520021,0.9856993773085831,0.034482758620689655,0.6403505408887967
valve_0005_lidar_classes.ply,6,tubular,ball_pivoting,ok,,0.008689951292064005,0.010799132455736531,0.017961440687089675,0.008086205590024285,0.01677615688208829,7,0.924812030075188,0.3465634146469337,0.7426311966616129,808,1330,0.0037593984962406013,1.8131102359870774,0.9962406015037594,0.013472190132567003,0.9867068970774573,0.14285714285714285,0.7171089595249931
valve_0005_lidar_classes.ply,6,tubular,poisson,ok,,0.011105652684034704,0.012437600195006643,0.020955510629519936,0.02417769246970612,0.03528334515374082,1,1.0,0.20342993671742754,0.8309582215709879,2732,5342,0.05990265818045676,7.202652080569752,0.9400973418195433,0.015516219965518864,0.9847208546151576,1.0,0.9389441045014222
valve_0005_lidar_classes.ply,7,tubular,alpha_shape,ok,,0.004313190106372149,0.004822643117850262,0.00792275299494906,0.009233138159654352,0.013546328266026501,1,1.0,0.605757846394988,0.6227589061732149,156,323,0.0,1.869940354638314,1.0,0.014096764487759287,0.986099191929796,1.0,0.9022145245257527
valve_0005_lidar_classes.ply,7,tubular,ball_pivoting,ok,,0.0038456786846422404,0.005601141364512877,0.007229008308508206,0.006783774515233057,0.010629453199875297,1,1.0,0.3180406398181716,0.7587019472616212,157,258,0.0,1.6720815767445547,1.0,0.01637234370213589,0.9838913919651733,1.0,0.9356483348066986
valve_0005_lidar_classes.ply,7,tubular,poisson,ok,,0.005131088457900189,0.006568254692873107,0.014016574863677033,0.009246709006533557,0.014377797464433746,2,0.9944405837387075,0.2055767663641467,0.8294784935312431,780,1439,0.061153578874218205,4.766234116216613,0.9388464211257818,0.019199251787539538,0.9811624157358175,0.5,0.8123718325982106
valve_0005_lidar_classes.ply,8,tubular,alpha_shape,ok,,0.005696933479432874,0.00935086055495547,0.022449589720170655,0.009298030601578485,0.01499496408101136,1,1.0,0.6025971575885998,0.623987129432254,92,179,0.0,1.9200673991853887,1.0,0.02812124059934688,0.9726479334451319,1.0,0.8991587657193465
valve_0005_lidar_classes.ply,8,tubular,ball_pivoting,ok,,0.003967258253598762,0.004926388747429904,0.007387743309926668,0.007912920412263649,0.011880178665862412,1,1.0,0.31197112771768937,0.7622118954245619,104,168,0.0,1.6734299001665927,1.0,0.014815338378559658,0.9854009514654842,1.0,0.9369032117225116
valve_0005_lidar_classes.ply,8,tubular,poisson,ok,,0.004684697050201302,0.006145578970839897,0.009439341790830039,0.010467129924441088,0.015151826974642391,3,0.988388969521045,0.1828696806383422,0.8454016671222347,754,1378,0.06313497822931785,8.177021891354196,0.9368650217706822,0.01848186098440844,0.981853519741093,0.3333333333333333,0.7743633854918358
valve_0005_lidar_classes.ply,9,tubular,alpha_shape,ok,,0.005997038174763741,0.007130964655266691,0.01313550914848338,0.009227542463927747,0.015224580638691488,1,1.0,0.6704694481164384,0.5986341151749672,264,526,0.005703422053231939,2.258016525725751,0.9942965779467681,0.014753467879196023,0.9854610323135624,1.0,0.8945979313588244
valve_0005_lidar_classes.ply,9,tubular,ball_pivoting,ok,,0.005013742129922141,0.005656245154864405,0.00910788857945773,0.007371580268857769,0.012385322398779909,1,1.0,0.2789732870820105,0.7818771588900886,279,503,0.005964214711729622,1.871762842321603,0.9940357852882704,0.011702376220237936,0.9884329853370925,1.0,0.9410864823788629
valve_0005_lidar_classes.ply,9,tubular,poisson,ok,,0.0062356512486890425,0.0071163741676845554,0.011885057537637835,0.00825328882933738,0.014488940078026421,1,1.0,0.1506836735539119,0.8690485691097692,511,928,0.08081896551724138,44.80729018448788,0.9191810344827587,0.014723281179318629,0.9854903484995367,1.0,0.9434299880230161
valve_0005_lidar_classes.ply,10,tubular,alpha_shape,ok,,0.006184445580777239,0.007765981313662296,0.017555624630468884,0.008257059514248745,0.014441505095025984,2,0.9962121212121212,0.75442947184687,0.5699858649474864,265,528,0.001893939393939394,1.9987900198610329,0.9981060606060606,0.017446572678471307,0.9828525908416571,0.5,0.7627361290988011
valve_0005_lidar_classes.ply,10,tubular,ball_pivoting,ok,,0.004428894835507314,0.005035346083551819,0.008948648235452711,0.006831625993428999,0.011260520828936312,1,1.0,0.2588741128511065,0.7943606034881385,286,520,0.0,1.7044229076430188,1.0,0.011312096676487419,0.9888144355103999,1.0,0.9457937597496346
valve_0005_lidar_classes.ply,10,tubular,poisson,ok,,0.005505154778029875,0.006074989823203369,0.010557756228842238,0.007529844398910078,0.013034999176939953,1,1.0,0.1576483694916629,0.8638201602090209,529,966,0.041407867494824016,4.670997008050886,0.9585921325051759,0.013647695917711295,0.9865360558972561,1.0,0.9522370871528633
valve_0005_lidar_classes.ply,11,tubular,alpha_shape,ok,,0.007086897879429062,0.008350099076101814,0.015146573271146203,0.009572618221448486,0.01665951610087755,19,0.8675595238095238,0.8300779835916746,0.5464248020936353,346,672,0.002976190476190476,2.1249216919555187,0.9970238095238095,0.014169350924062345,0.9860286145394239,0.05263157894736842,0.6455272012760593
valve_0005_lidar_classes.ply,11,tubular,ball_pivoting,ok,,0.006479681205530777,0.00746558711563231,0.013615394713117436,0.009369751014373208,0.015849432219903984,2,0.9873417721518988,0.42787825996975837,0.7003398175003935,358,553,0.0054249547920434,2.0889948286477202,0.9945750452079566,0.012668415396208263,0.9874900656487329,0.5,0.7956012320892708
valve_0005_lidar_classes.ply,11,tubular,poisson,ok,,0.007869452999624344,0.00870033777647328,0.014500950444670693,0.018847514366990267,0.02671696736661461,1,1.0,0.10713223249826079,0.9032344742989594,876,1629,0.049723756906077346,9.092300937668536,0.9502762430939227,0.014763673818619857,0.9854511210841208,1.0,0.9597404596192507
valve_0005_lidar_classes.ply,12,tubular,alpha_shape,ok,,0.006903802872245455,0.009029541459315116,0.013632555854220059,0.008857147756884554,0.015760950629130008,10,0.49081364829396323,0.7736932890730731,0.5637953338159142,401,762,0.0026246719160104987,1.9883276972626582,0.9973753280839895,0.010791896721842043,0.9893233248536697,0.1,0.6626234966883934
valve_0005_lidar_classes.ply,12,tubular,ball_pivoting,ok,,0.006434888376592596,0.007652566109388007,0.014266162637200172,0.00888342576153184,0.015318314138124435,5,0.5875968992248062,0.30804655661584945,0.7644987825106003,413,645,0.0,1.846113699927731,1.0,0.00914616799553939,0.9909367262289601,0.2,0.7388588771848901
valve_0005_lidar_classes.ply,12,tubular,poisson,ok,,0.010611108792325307,0.01230052099029993,0.022165223308462625,0.027665755659888967,0.038276864452214274,1,1.0,0.18483796063947022,0.8439972664787757,1563,2977,0.0564326503191132,6.969860091770386,0.9435673496808868,0.014701294938429326,0.9855117018064697,1.0,0.943269079491533
valve_0005_lidar_classes.ply,13,tubular,alpha_shape,ok,,0.01405794652114946,0.01880396898643697,0.039443525626174626,0.009098189932443912,0.023156136453593372,99,0.5041528239202658,1.2107592695042089,0.45233328377008813,762,1204,0.0008305647840531562,2.0063915510104735,0.9991694352159468,0.01961871318150777,0.9807587748950863,0.010101010101010102,0.6105906259955329
valve_0005_lidar_classes.ply,13,tubular,ball_pivoting,ok,,0.010220755498767444,0.01190844090040006,0.021129585301192393,0.010915306951232719,0.021136062450000163,1,1.0,0.14727933138185015,0.871627312239245,1004,1870,0.0,1.7952360909013396,1.0,0.012424413517826879,0.9877280581622323,1.0,0.9648388426003693
valve_0005_lidar_classes.ply,13,tubular,poisson,ok,,0.011924843918193092,0.013374969717658901,0.022012058706533368,0.026244993579255985,0.03816983749744908,1,1.0,0.0894126442088604,0.917925824815635,2576,4985,0.051554663991975926,4.565963899414561,0.948445336008024,0.013954484550116362,0.98623756316211,1.0,0.9631521809964423
valve_0006_lidar_classes.ply,0,plane,alpha_shape,ok,,0.007373669924006902,0.009085902551766821,0.016705096404128657,0.006425486911522782,0.013799156835529684,98,0.5161059413027917,1.1977743121214905,0.45500577310629753,857,1397,0.0021474588403722263,1.9772017868218406,0.9978525411596277,0.02101243084319726,0.9794200048809941,0.01020408163265306,0.6106206001948931
valve_0006_lidar_classes.ply,0,plane,ball_pivoting,ok,,0.005760188279031248,0.0066103693067793064,0.01157020235316558,0.005862285517148659,0.011622473796179908,7,0.8593659942363112,0.1363160019050313,0.880036889671097,982,1735,0.0023054755043227667,1.7788373491542933,0.9976945244956772,0.015287411142185745,0.9849427748493528,0.14285714285714285,0.7513828329683174
valve_0006_lidar_classes.ply,0,plane,poisson,ok,,0.008080947320773364,0.011623348977073336,0.023053219665777006,0.010620882526024411,0.018701829846797774,2,0.8231037255427499,0.16478766335885947,0.8585255763409558,1938,3731,0.03350308228357009,3.293876697859014,0.9664969177164299,0.026880633503999867,0.973823020293726,0.5,0.8247113785877779
valve_0006_lidar_classes.ply,1,spherical,alpha_shape,ok,,0.007637624503571654,0.008995169788247505,0.013967469580107517,0.012961908963170916,0.02059953346674257,3,0.9939879759519038,0.9709399299599021,0.5073721348881214,244,499,0.002004008016032064,2.181279934385015,0.9979959919839679,0.022663467090753862,0.9778387829231581,0.3333333333333333,0.7041350607821452
valve_0006_lidar_classes.ply,1,spherical,ball_pivoting,ok,,0.006582197104454124,0.00790110977846925,0.013675787036565563,0.010417454248467116,0.01699965135292124,1,1.0,0.44519076485839476,0.6919501731648442,267,436,0.0045871559633027525,1.8834590890543492,0.9954128440366973,0.019906966256348815,0.9804815861495495,1.0,0.9169611508377727
valve_0006_lidar_classes.ply,1,spherical,poisson,ok,,0.007737045952082159,0.00906204338791297,0.01622568762251541,0.013986528174116443,0.021723574126198603,27,0.9706792637237335,0.25242477777558187,0.7984511467236293,3171,6139,0.05473204104903079,4.465050555195486,0.9452679589509692,0.022831956142204415,0.9776777055066609,0.037037037037037035,0.6896084620545742
valve_0006_lidar_classes.ply,2,spherical,alpha_shape,ok,,0.007985476772999045,0.013043285485386491,0.031788862930045556,0.008692203421564466,0.01667768019456351,14,0.2639593908629442,1.223310316584474,0.4497797687262274,124,197,0.015228426395939087,2.2516866364089316,0.9847715736040609,0.05080972052831182,0.9516470779288505,0.07142857142857142,0.6144067479219275
valve_0006_lidar_classes.ply,2,spherical,ball_pivoting,ok,,0.004369551283358052,0.004990700189357899,0.009057192703141594,0.009380385706765913,0.013749936990123965,1,1.0,0.21813678529658598,0.8209258697959154,154,284,0.01056338028169014,2.036330449912117,0.9894366197183099,0.01944112027188017,0.9809296291023699,1.0,0.9478230296541488
valve_0006_lidar_classes.ply,2,spherical,poisson,ok,,0.004300619082437283,0.005066791419679956,0.008946694775457079,0.010194668886967065,0.014495287969404348,5,0.9946200403496974,0.1316104481467857,0.8836963299850038,3100,5948,0.04303967720242098,5.631691887376864,0.956960322797579,0.01973753133730159,0.980644498480489,0.2,0.7553252878157679
valve_0006_lidar_classes.ply,3,tubular,alpha_shape,ok,,0.008391500779690553,0.011602803706698207,0.025146319485850662,0.008583891675502168,0.016975392455192723,71,0.065,1.6353322553164698,0.37945879423082945,293,400,0.005,2.026290565697242,0.995,0.028985779473506095,0.971830728809161,0.014084507042253521,0.590093507520561
valve_0006_lidar_classes.ply,3,tubular,ball_pivoting,ok,,0.0058537045236617,0.0067093919647012975,0.012244206703730921,0.008220840241432244,0.014074544765093944,1,1.0,0.1483891488427923,0.8707849608363847,359,690,0.008695652173913044,2.081814377333946,0.991304347826087,0.016761203654412908,0.9835151030604135,1.0,0.9614011029307213
valve_0006_lidar_classes.ply,3,tubular,poisson,ok,,0.006247039316465132,0.007004342386202672,0.012088130879288577,0.00946444010402514,0.01571147942049027,1,1.0,0.07514991528466648,0.9301028496432806,1474,2864,0.04085195530726257,3.2532885701807364,0.9591480446927374,0.017498040033737415,0.9828028759316753,1.0,0.9680134425669233
valve_0006_lidar_classes.ply,4,plane,alpha_shape,ok,,0.00586460490499945,0.006592157873253975,0.011076963630905134,0.009092516507031025,0.014957121412030476,3,0.9967320261437909,0.7748027653239292,0.5634428904089995,294,612,0.006535947712418301,2.2002843908869356,0.9934640522875817,0.014902273796221078,0.9853165430987958,0.3333333333333333,0.7188892047821775
valve_0006_lidar_classes.ply,4,plane,ball_pivoting,ok,,0.006247037209097826,0.007203989034373384,0.01313177478985844,0.008985000364179265,0.015232037573277091,4,0.9611231101511879,0.5053794968426856,0.6642843230543225,304,463,0.008639308855291577,2.008763521913005,0.9913606911447084,0.016285383190044,0.9839755806199579,0.25,0.7224051487047471
valve_0006_lidar_classes.ply,4,plane,poisson,ok,,0.007130364166991811,0.008465247600794428,0.015420284558227594,0.012930988673162733,0.020061352840154544,1,1.0,0.19501261861856908,0.8368112473623893,1609,3057,0.06051684658161596,6.406238738526531,0.9394831534183841,0.019136592285155966,0.9812227404746138,1.0,0.9393792853138467
valve_0006_lidar_classes.ply,5,complex,alpha_shape,ok,,0.004721145550089803,0.0054077257716310225,0.009211035664200054,0.010380565793935858,0.01510171134402566,7,0.9327485380116959,0.8100889589480331,0.5524590352626473,173,342,0.0,1.9552663225041043,1.0,0.019776048798659948,0.9806074590377396,0.14285714285714285,0.6689809092893824
valve_0006_lidar_classes.ply,5,complex,ball_pivoting,ok,,0.003799020567218929,0.004280784080948901,0.007118819607388872,0.008577421420092815,0.012376441987311745,1,1.0,0.30878486178663356,0.7640675172807938,177,318,0.0,1.6996814689629118,1.0,0.015654823941976405,0.9845864721232587,1.0,0.9371634973510131
valve_0006_lidar_classes.ply,5,complex,poisson,ok,,0.004543695130835307,0.005637171677853759,0.010875900425987196,0.010281854041068381,0.01482554917190369,9,0.981579879560751,0.20419065650602009,0.8304332828005137,1513,2823,0.06376195536663125,5.382727627320143,0.9362380446333688,0.02061513229322573,0.9798012672544787,0.1111111111111111,0.714395926449868
valve_0006_lidar_classes.ply,6,tubular,alpha_shape,ok,,0.009506227935516984,0.010965409626368565,0.019264309636048714,0.011094879308949156,0.020601107244466142,28,0.654275092936803,0.8379385023558384,0.5440878455499011,555,1076,0.0018587360594795538,2.0370201757754933,0.9981412639405205,0.015535344879976683,0.9847023100098867,0.03571428571428571,0.6406614263036485
valve_0006_lidar_classes.ply,6,tubular,ball_pivoting,ok,,0.008259238823302466,0.009847786047275046,0.017616417964268133,0.008290891526763525,0.016550130350065993,3,0.9770459081836327,0.32312539312985383,0.755786265755583,624,1002,0.001996007984031936,1.8193914558684356,0.998003992015968,0.013951941401326906,0.9862400367989387,0.3333333333333333,0.7683409069759557
valve_0006_lidar_classes.ply,6,tubular,poisson,ok,,0.010036396229794613,0.011516502003862103,0.019346825439084756,0.021598839960987347,0.03163523619078196,3,0.9977558348294434,0.21268241988823777,0.8246182047334051,2290,4456,0.06508078994614004,5.331107732909937,0.9349192100538599,0.0163161100713199,0.9839458315088847,0.3333333333333333,0.7692041449073708
valve_0006_lidar_classes.ply,7,tubular,alpha_shape,ok,,0.0045402230538086254,0.005377814453036955,0.010099170320614508,0.010657115699723354,0.01519733875353198,1,1.0,0.5924823715754435,0.6279504362806224,140,286,0.006993006993006993,2.1415633944923216,0.993006993006993,0.015546776056811533,0.9846912260238992,1.0,0.9014121638278786
valve_0006_lidar_classes.ply,7,tubular,ball_pivoting,ok,,0.007553215932900834,0.01024765448033288,0.02376699931701328,0.009477285202167977,0.01703050113506881,1,1.0,0.6873258960479693,0.5926537382862349,143,168,0.0,1.818810041548336,1.0,0.029625043910421027,0.9712273471924227,1.0,0.8909702713696643
valve_0006_lidar_classes.ply,7,tubular,poisson,ok,,0.005527668420748325,0.007014207962460548,0.015126619086572911,0.012799066561732301,0.018326734982480625,4,0.9865921787709497,0.19149138655921813,0.8392842879777707,961,1790,0.06256983240223464,4.813675486385784,0.9374301675977653,0.020277441953523847,0.9801255608330429,0.25,0.7517100041021447
valve_0006_lidar_classes.ply,8,tubular,alpha_shape,ok,,0.004642446406819255,0.00553637533180088,0.01056011152153146,0.010370528153373573,0.015012974560192828,2,0.9607843137254902,0.5530356103575738,0.6439002385590876,155,306,0.0032679738562091504,1.8878769604955803,0.9967320261437909,0.015802948675242436,0.984442899387276,0.5,0.7812687910225387
valve_0006_lidar_classes.ply,8,tubular,ball_pivoting,ok,,0.0040442549912433345,0.005328689505526108,0.009410631050578471,0.007373536409880846,0.01141779140112418,1,1.0,0.351749328428839,0.7397821319151804,161,266,0.0,1.7114550529362198,1.0,0.015210133293968793,0.9850177487446686,1.0,0.9311999701649623
valve_0006_lidar_classes.ply,8,tubular,poisson,ok,,0.005362034311898234,0.006986350856188975,0.014093013328691466,0.010999045688160064,0.016361080000058297,3,0.9897172236503856,0.19945552293200286,0.8337116140459757,838,1556,0.04820051413881748,6.214235074680511,0.9517994858611826,0.01994173757935551,0.9804481600814928,0.3333333333333333,0.7748231483304961
valve_0006_lidar_classes.ply,9,tubular,alpha_shape,ok,,0.006022980779206329,0.007373250962830796,0.014227856959937663,0.008690767903276317,0.014713748682482646,5,0.9831144465290806,0.6585860080646162,0.6029232099738305,266,533,0.00375234521575985,1.956586948558819,0.9962476547842402,0.015603877566692183,0.9846358625529493,0.2,0.695951681827755
valve_0006_lidar_classes.ply,9,tubular,ball_pivoting,ok,,0.006121252942200444,0.00746163236609843,0.01463502774806911,0.007423561837362608,0.013544814779563052,1,1.0,0.29697518437124254,0.7710247752232727,279,385,0.0,1.6280915509133864,1.0,0.015790917530842698,0.9844545592421453,1.0,0.9388698336163546
valve_0006_lidar_classes.ply,9,tubular,poisson,ok,,0.005467031476418122,0.0061373590860456595,0.01040660385538622,0.0072956201266561665,0.012762651603074288,1,1.0,0.1331640073790027,0.8824847890403705,479,862,0.04176334106728538,3.889591450426844,0.9582366589327146,0.012988381955836053,0.9871781530892204,1.0,0.9569749002655764
valve_0006_lidar_classes.ply,10,tubular,alpha_shape,ok,,0.006129892806297275,0.007417205773553627,0.01348636110363057,0.009330452946266133,0.015460345752563408,3,0.996316758747698,0.6585735053592419,0.6029277549465033,272,543,0.007366482504604052,2.0602176882684007,0.992633517495396,0.015249471890480993,0.9849795815583285,0.3333333333333333,0.7284685468333902
valve_0006_lidar_classes.ply,10,tubular,ball_pivoting,ok,,0.004976077882035519,0.005883272283093575,0.009856408131059223,0.00745536943481374,0.012431447316849259,1,1.0,0.29199147559751387,0.7739989147664653,287,515,0.009708737864077669,1.8328463748460613,0.9902912621359223,0.012095767333969698,0.9880487917009751,1.0,0.9380847421508407
valve_0006_lidar_classes.ply,10,tubular,poisson,ok,,0.0061939253454562915,0.0070246200319343255,0.010825932618893934,0.008499128396027757,0.014693053741484049,1,1.0,0.17147467549277565,0.8536249403593419,513,935,0.06524064171122995,4.193166184603609,0.9347593582887701,0.014442331652741721,0.9857632797822897,1.0,0.9435368946076004
valve_0006_lidar_classes.ply,11,tubular,alpha_shape,ok,,0.007347575581208918,0.008509214592558042,0.014526281197924634,0.009591098678860467,0.016938674260069383,17,0.8794520547945206,0.8461242055296055,0.5416753634477838,375,730,0.005479452054794521,2.1763529987677224,0.9945205479452055,0.01492623866121566,0.9852932773903799,0.058823529411764705,0.6450781795487834
valve_0006_lidar_classes.ply,11,tubular,ball_pivoting,ok,,0.006507698307452667,0.00753433600188904,0.014053611758302408,0.008858495177860493,0.01536619348531316,1,1.0,0.44810341029941514,0.6905584179193642,391,620,0.0032258064516129032,1.9990751642943256,0.9967741935483871,0.013216178308200086,0.9869562107365206,1.0,0.9185722055510681
valve_0006_lidar_classes.ply,11,tubular,poisson,ok,,0.007532258245400712,0.00829147626422307,0.01362259479884199,0.016045076484404966,0.02357733472980568,1,1.0,0.14259737644777934,0.8751989288728281,970,1818,0.0429042904290429,3.3735317942384317,0.9570957095709571,0.01454429809325016,0.9856642059685466,1.0,0.954489711103083
valve_0006_lidar_classes.ply,12,tubular,alpha_shape,ok,,0.007565053992922114,0.009029736124285415,0.015931075779487196,0.010252608133928844,0.01781766212685096,15,0.3329741379310345,0.7647191873014701,0.5666623943320723,485,928,0.0,1.9810985996707258,1.0,0.01081516432881831,0.9893005519599624,0.06666666666666667,0.6556574032396754
valve_0006_lidar_classes.ply,12,tubular,ball_pivoting,ok,,0.00738503475984307,0.008737800504862564,0.015350333271726161,0.010461454492898052,0.017846489252741123,3,0.8542199488491049,0.31784680329219783,0.7588135415298922,497,782,0.0,1.7402062340766253,1.0,0.010465504975096789,0.989642887437949,0.3333333333333333,0.7704474405752937
valve_0006_lidar_classes.ply,12,tubular,poisson,ok,,0.010991894648903641,0.012505954868729883,0.023443651077984507,0.032291550883382314,0.043283445532285955,1,1.0,0.19332911250255866,0.8379917908001727,1975,3777,0.058512046597828965,6.528885155442485,0.9414879534021711,0.014978727521210112,0.9852423236910676,1.0,0.9411805169733528
valve_0006_lidar_classes.ply,13,tubular,alpha_shape,ok,,0.012949981288922052,0.018179213148529234,0.03420012315715156,0.008481580322565123,0.021431561611487175,124,0.3091334894613583,1.2822875380238121,0.43815688572960454,818,1281,0.00156128024980484,1.8839383717257407,0.9984387197501952,0.018736212432250064,0.9816083769246633,0.008064516129032258,0.6065671246333738
valve_0006_lidar_classes.ply,13,tubular,ball_pivoting,ok,,0.010025894709244103,0.011514299752379394,0.019638660168971655,0.011051712144218512,0.021077606853462615,1,1.0,0.14122510660771218,0.8762513146705094,965,1800,0.0016666666666666668,1.7716329741840726,0.9983333333333333,0.011867090418412215,0.9882720857998207,1.0,0.9657141834509158
valve_0006_lidar_classes.ply,13,tubular,poisson,ok,,0.011047578736038986,0.012345725442203236,0.02103772762390175,0.02073633137612522,0.03178391011216421,3,0.996882145084182,0.08891888958136954,0.9183420450943284,2509,4811,0.0577842444398254,6.716744889460192,0.9422157555601746,0.012723990451372656,0.9874358753506949,0.3333333333333333,0.7953317523346328
